INSERT INTO category VALUES
(1, 'Jawa', 'Jawa', null, 1506854403471, 1506854403471),
(2, 'Kalimantan', 'Kalimantan', null, 1506854403471, 1506854403471),
(3, 'Sulawesi', 'Sulawesi', null, 1506854403471, 1506854403471),
(4, 'Sumatera', 'Sumatera', null, 1506854403471, 1506854403471);

INSERT INTO quiz (id, category_id, answer, description, point, created_at, updated_at) VALUES
(1, 1, 'betawi', 'Salah satu suku di pulau Jawa', 100, 1506854403471, 1506854403471),
(2, 1, 'wayang-kulit', 'Kesenian tradisional yang dimainkan dengan diiringi suara gamelan', 100, 1506854403471, 1506854403471),
(3, 1, 'terima-kasih', 'Arti kata nuhun dari Bahasa Sunda', 100, 1506854403471, 1506854403471),
(4, 1, 'borobudur', 'Candi Buddha yang terletak di Magelang, Jawa Tengah', 100, 1506854403471, 1506854403471),
(5, 1, 'ludruk', 'Kesenian drama tradisional dari Jawa Timur', 150, 1506854403471, 1506854403471),
(6, 1, 'tape', 'Makanan khas Pulau Jawa yang dihasilkan dari proses fermentasi', 100, 1506854403471, 1506854403471),
(7, 1, 'gudeg', 'Makanan tradisional khas Yogyakarta', 100, 1506854403471, 1506854403471),
(8, 1, 'suling', 'Alat musik dari bambu', 100, 1506854403471, 1506854403471),
(9, 1, 'sate', 'Makanan khas Madura', 100, 1506854403471, 1506854403471),
(10, 1, 'ondel-ondel', 'Pertunjukan Betawi yang sering ditampilkan dalam pesta-pesta rakyat', 100, 1506854403471, 1506854403471),
(11, 1, 'bengawan-solo', 'Sungai terpanjang di Pulau Jawa', 200, 1506854403471, 1506854403471),
(12, 1, 'joglo', 'Rumah adat suku Jawa', 150, 1506854403471, 1506854403471),
(13, 1, 'rawon', 'Sup daging berkuah hitam', 100, 1506854403471, 1506854403471),
(14, 1, 'serabi', 'Jajanan pasar tradisional yang berasal dari Indonesia', 100, 1506854403471, 1506854403471),
(15, 1, 'angklung', 'Alat musik tradisional multitonal', 150, 1506854403471, 1506854403471),
(16, 1, 'gedung-sate', 'Markah tanah Kota Bandung', 100, 1506854403471, 1506854403471),
(17, 1, 'vastenburg', 'Benteng yang dibangun oleh Gubernur Jenderal Van Imhoff pada tahun 1745', 500, 1506854403471, 1506854403471),
(18, 1, 'istana-bogor', 'Salah satu dari enam istana Presiden Republik Indonesia', 100, 1506854403471, 1506854403471),
(19, 1, 'itb', 'Perguruan tinggi tempat para pembuat bot Clovero mengambil kuliah', 200, 1506854403471, 1506854403471),
(20, 1, 'bogor', 'Kota termacet di Indonesia', 100, 1506854403471, 1506854403471),
(21, 2, 'bekantan', 'Fauna yang merupakan maskot provinsi Kalimantan Selatan', 200, 1506854403471, 1506854403471),
(22, 2, 'paser', 'Salah satu etnis di Kalimantan', 300, 1506854403471, 1506854403471),
(23, 2, 'rumah-betang', 'Rumah adat Kalimantan', 300, 1506854403471, 1506854403471),
(24, 2, 'tari-perang', 'Salah satu tarian di Kalimantan Timur', 200, 1506854403471, 1506854403471),
(25, 2, 'mandau', 'Salah satu senjata suku Dayak', 200, 1506854403471, 1506854403471),
(26, 2, 'king-baba', 'Pakaian adat laki-laki di Kalimantan Barat', 300, 1506854403471, 1506854403471),
(27, 2, 'soto-banjar', 'Makanan khas Kalimantan Selatan', 100, 1506854403471, 1506854403471),
(28, 2, 'saputangan-babuncu-ampat', 'Salah satu lagu daerah Kalimantan Selatan', 200, 1506854403471, 1506854403471),
(29, 2, 'sungai-kapuas', 'Sungai terpanjang di Pulau Kalimantan', 100, 1506854403471, 1506854403471),
(30, 2, 'istana-kuning', 'Salah satu wisata sejarah yang indah di Kalimantan Tengah', 200, 1506854403471, 1506854403471),
(31, 2, 'rumah-baloy', 'Rumah adat Kalimantan Utara', 200, 1506854403471, 1506854403471),
(32, 2, 'jepeng', 'Tarian khas dari Kalimantan Timur', 200, 1506854403471, 1506854403471),
(33, 2, 'bumbung', 'Alat tradisional Kalimantan', 200, 1506854403471, 1506854403471),
(34, 2, 'lampit', 'Jenis tikar di Kalimantan', 200, 1506854403471, 1506854403471),
(35, 2, 'lemang', 'Makanan tradisional khas Pontianak', 200, 1506854403471, 1506854403471),
(36, 2, 'tarakan', 'Kota terbesar di Kalimantan Utara', 100, 1506854403471, 1506854403471),
(37, 2, 'sentarum', 'Danau musiman yang berada di Kapuas Hulu, Kalimantan Barat', 200, 1506854403471, 1506854403471),
(38, 2, 'tugu-khatulistiwa', 'Salah satu ikon wisata kota Pontianak', 100, 1506854403471, 1506854403471),
(39, 2, 'sasirangan', 'Kain khas suku Banjar Kalimantan Selatan', 300, 1506854403471, 1506854403471),
(40, 2, 'cincane', 'Ayam khas Kalimantan Timur', 200, 1506854403471, 1506854403471),
(41, 3, 'talise', 'Pantai terkenal di Palu, Sulawesi Tengah', 200, 1506854403471, 1506854403471),
(42, 3, 'bunaken', 'Taman laut terkenal di Manado, Sulawesi Utara', 100, 1506854403471, 1506854403471),
(43, 3, 'kecapi', 'Alat musik petik tradisional Sulawesi Selatan', 100, 1506854403471, 1506854403471),
(44, 3, 'kipas', 'Tarian dari Sulawesi yang mempertunjukkan kemahiran para gadis memainkan kipas', 100, 1506854403471, 1506854403471),
(45, 3, 'tumatenden', 'Tarian tradisional ini biasanya dimainkan oleh 7 atau 9 penari wanita dan 1 orang penari pria', 200, 1506854403471, 1506854403471),
(46, 3, 'somba-opu', 'Peninggalan Kesultanan Gowa dan dibangun pada abad ke-16', 300, 1506854403471, 1506854403471),
(47, 3, 'mandala', 'Monumen berbentuk segitiga dengan tinggi 75 m', 200, 1506854403471, 1506854403471),
(48, 3, 'kete-kesu', 'Desa wisata di kawasan Tana Toraja Rantepao', 300, 1506854403471, 1506854403471),
(49, 3, 'losari', 'Salah satu pantai yang paling populer di Sulawesi Selatan', 100, 1506854403471, 1506854403471),
(50, 3, 'bantimurung-bulusaraung', 'Taman nasional yang berada di Sulawesi Selatan', 200, 1506854403471, 1506854403471),
(51, 3, 'bulupoloe', 'Pulau tempat wisata yang berada di Kabupaten Luwu Timur', 200, 1506854403471, 1506854403471),
(52, 3, 'jalangkote', 'Salah satu makanan khas Sulawesi', 200, 1506854403471, 1506854403471),
(53, 3, 'nasu-palekko', 'Salah satu makanan khas Sulawesi', 200, 1506854403471, 1506854403471),
(54, 3, 'kapurung', 'Makanan yang populer di daerah Luwu', 200, 1506854403471, 1506854403471),
(55, 3, 'lapa-lapa', 'Makanan khas Sulawesi Tenggara', 200, 1506854403471, 1506854403471),
(56, 3, 'coto-makassar', 'Salah satu makanan khas Sulawesi', 100, 1506854403471, 1506854403471),
(57, 3, 'tongkonan', 'Salah satu rumah adat di Sulawesi', 200, 1506854403471, 1506854403471),
(58, 3, 'toraja', 'Salah satu suku yang berasal dari Sulawesi', 100, 1506854403471, 1506854403471),
(59, 3, 'bugis', 'Suku paling dominan di Sulawesi', 100, 1506854403471, 1506854403471),
(60, 3, 'kapal-pinisi', 'Alat transportasi masyarakat Bugis pada zaman dulu', 100, 1506854403471, 1506854403471),
(61, 4, 'kelinci-sumatera', 'Hewan yang hidup di tempat yang terisolasi di hutan Bukit Barisan', 200, 1506854403471, 1506854403471),
(62, 4, 'ulos', 'Busana khas suku Batak', 100, 1506854403471, 1506854403471),
(63, 4, 'bika-ambon', 'Makanan khas Medan', 100, 1506854403471, 1506854403471),
(64, 4, 'rendang', 'Hidangan paling enak di dunia versi CNN International', 100, 1506854403471, 1506854403471),
(65, 4, 'seruit', 'Makanan ini berasal dari Lampung', 200, 1506854403471, 1506854403471),
(66, 4, 'pendap', 'Makanan yang berasal dari Bengkulu', 200, 1506854403471, 1506854403471),
(67, 4, 'pempek', 'Makanan ini sering dimakan bersama dengan kuah cuko', 100, 1506854403471, 1506854403471),
(68, 4, 'danau-toba', 'Danau terbesar di Indonesia dan Asia Tenggara', 100, 1506854403471, 1506854403471),
(69, 4, 'istana-maimun', 'Bangunan yang didesain oleh arsitek Italia dan dibangun oleh Sultan Deli, Sultan Mahmud Al Rasyid', 200, 1506854403471, 1506854403471),
(70, 4, 'jam-gadang', 'Salah satu objek wisata terkenal di Bukittinggi, Sumbar', 100, 1506854403471, 1506854403471),
(71, 4, 'istano-basa-pagaruyung', 'Istana yang berada di Nagari Pagaruyung Kecamatan Tanjung Emas Kabupaten Tanah Datar, Sumatera Barat', 200, 1506854403471, 1506854403471),
(72, 4, 'malin-kundang', 'Cerita rakyat yang berasal dari Padang', 100, 1506854403471, 1506854403471),
(73, 4, 'piring', 'Tarian yang berasal dari Solok, Sumatera Barat', 100, 1506854403471, 1506854403471),
(74, 4, 'limas', 'Rumah adat Sumatera Selatan', 150, 1506854403471, 1506854403471),
(75, 4, 'sipiso-piso', 'Salah satu objek wisata di Sumatera Utara', 200, 1506854403471, 1506854403471),
(76, 4, 'sebimbing-sekundang', 'Tarian dari Sumatera Selatan', 200, 1506854403471, 1506854403471),
(77, 4, 'sigale-gale', 'Tarian yang berasal dari Sumatera Utara', 200, 1506854403471, 1506854403471),
(78, 4, 'batak-toba', 'Salah satu suku di Sumatera Utara', 150, 1506854403471, 1506854403471),
(79, 4, 'sinabung', 'Gunung di Kabupaten Karo yang tingginya 2460 meter', 100, 1506854403471, 1506854403471),
(80, 4, 'universitas-sumatera-utara', 'Salah satu perguruan tinggi di Sumatera', 100, 1506854403471, 1506854403471);

INSERT INTO hint (id, quiz_id, number, type, description, original_image_url, preview_image_url, audio_url, audio_duration, created_at, updated_at) VALUES
(1, 1, 1, 'text', 'Suku asli Jakarta', null, null, null, null, 1506854403471, 1506854403471),
(2, 2, 1, 'text', 'Dimainkan oleh seorang dalang sebagai narator dialog', null, null, null, null, 1506854403471, 1506854403471),
(3, 2, 2, 'text', 'Dalang memainkan kesenian ini di balik layar yang terbuat dari kain putih, sementara di belakangnya disorotkan lampu listrik atau lampu minyak', null, null, null, null, 1506854403471, 1506854403471),
(4, 3, 1, 'text', 'Respon yang diberikan ketika orang mendapatkan bantuan', null, null, null, null, 1506854403471, 1506854403471),
(5, 4, 1, 'text', 'Candi Buddha terbesar di dunia', null, null, null, null, 1506854403471, 1506854403471),
(6, 5, 1, 'text', 'Diperagakan oleh sebuah grup kesenian di sebuah panggung dengan mengambil cerita tentang kehidupan rakyat sehari-hari', null, null, null, null, 1506854403471, 1506854403471),
(7, 5, 2, 'text', 'Diselingi dengan lawakan dan diiringi dengan gamelan sebagai musik', null, null, null, null, 1506854403471, 1506854403471),
(8, 6, 1, 'text', 'Dapat terbuat dari singkong atau beras ketan', null, null, null, null, 1506854403471, 1506854403471),
(9, 7, 1, 'text', 'Makanan tradisional yang terbuat dari nangka muda yang dimasak dengan santan', null, null, null, null, 1506854403471, 1506854403471),
(10, 8, 1, 'text', 'Alat musik tiup', null, null, null, null, 1506854403471, 1506854403471),
(11, 9, 1, 'text', 'Terbuat dari daging kecil-kecil di tusukan lidi', null, null, null, null, 1506854403471, 1506854403471),
(12, 10, 1, 'text', 'Boneka besar yang tingginya sekitar 2,5 meter dan dibuat dari anyaman bambu', null, null, null, null, 1506854403471, 1506854403471),
(13, 11, 1, 'text', 'Bermuara di wilayah Gresik Jawa Timur', null, null, null, null, 1506854403471, 1506854403471),
(14, 11, 2, 'text', 'Melewati 2 provinsi di Indonesia : Jawa Tengah dan Jawa Timur', null, null, null, null, 1506854403471, 1506854403471),
(15, 12, 1, 'text', 'Desain rangka atapnya memiliki bubungan cukup tinggi', null, null, null, null, 1506854403471, 1506854403471),
(16, 12, 2, 'image', 'Rumah adat suku Jawa','https://i.imgur.com/sIkaeQA.jpg', 'https://i.imgur.com/hVZ6n7j.jpg', null, null, 1506854403471, 1506854403471 ),
(17, 4, 2, 'image', 'Candi Buddha', 'https://i.imgur.com/mB3voZR.jpg', 'https://i.imgur.com/VVSt3Bn.jpg', null, null, 1506854403471, 1506854403471),
(18, 6, 2, 'image', 'Makanan khas Pulau Jawa', 'https://i.imgur.com/Y3I01r5.jpg', 'https://i.imgur.com/lvVDBoL.jpg', null, null, 1506854403471, 1506854403471),
(19, 7, 2, 'image', 'Makanan tradisional khas Yogyakarta', 'https://i.imgur.com/Ac8iGVq.jpg', 'https://i.imgur.com/eiUhRpZ.jpg', null, null, 1506854403471, 1506854403471),
(20, 8, 2, 'image', 'Alat musik tiup', 'https://i.imgur.com/iXJ6eNn.jpg', 'https://i.imgur.com/jSOFBT4.jpg', null, null, 1506854403471, 1506854403471),
(21, 10, 2, 'image', 'Boneka pertunjukan Betawi', 'https://i.imgur.com/W5b2Qoo.jpg', 'https://i.imgur.com/oxINKWQ.jpg', null, null, 1506854403471, 1506854403471),
(22, 13, 1, 'text', 'Makanan khas Jawa Timur', null, null, null, null, 1506854403471, 1506854403471),
(23, 13, 2, 'image', 'Makanan khas Jawa Timur', 'https://i.imgur.com/dryE6x7.jpg', 'https://i.imgur.com/ohFhFPO.jpg', null, null, 1506854403471, 1506854403471),
(24, 14, 1, 'text', 'Ada yang manis dan ada yang asin', null, null, null, null, 1506854403471, 1506854403471),
(25, 14, 2, 'text', 'Dimasak menggunakan tungku', null, null, null, null, 1506854403471, 1506854403471),
(26, 15, 1, 'text', 'Berkembang di masyarakat Sunda', null, null, null, null, 1506854403471, 1506854403471),
(27, 15, 2, 'text', 'Terbuat dari bambu', null, null, null, null, 1506854403471, 1506854403471),
(28, 15, 3, 'text', 'Dibunyikan dengan cara digoyang', null, null, null, null, 1506854403471, 1506854403471),
(29, 16, 1, 'text', 'Berfungsi sebagai gedung pusat pemerintahan Jawa Barat', null, null, null, null, 1506854403471, 1506854403471),
(30, 16, 2, 'text', 'Terdapat ornamen tusuk sate pada menara sentralnya', null, null, null, null, 1506854403471, 1506854403471),
(31, 17, 1, 'text', 'Peninggalan Belanda yang terletak di Surakarta', null, null, null, null, 1506854403471, 1506854403471),
(32, 18, 1, 'text', 'Pada zaman kolonial Belanda bernama Sans Souci', null, null, null, null, 1506854403471, 1506854403471),
(33, 18, 2, 'text', 'Memiliki rusa-rusa yang didatangkan langsung dari Nepal', null, null, null, null, 1506854403471, 1506854403471),
(34, 2, 3, 'image', 'Kesenian tradisional yang dimainkan dengan diiringi suara gamelan','https://i.imgur.com/N0x3WnF.jpg', 'https://i.imgur.com/D8Yv7ZO.jpg', null, null, 1506854403471, 1506854403471 ),
(35, 21, 1, 'text', 'Monyet ini berhidung panjang dan memiliki rambut coklat kemerahan', null, null, null, null, 1506854403471, 1506854403471),
(36, 22, 1, 'text', 'Tanah asalnya berada di tenggara Kalimantan Timur', null, null, null, null, 1506854403471, 1506854403471),
(37, 22, 2, 'text', 'Beberapa orang berpendapat bahwa suku ini berkerabat dengan suku Dayak', null, null, null, null, 1506854403471, 1506854403471),
(38, 23, 1, 'text', 'Kebanyakan didiami oleh suku Dayak', null, null, null, null, 1506854403471, 1506854403471),
(39, 23, 2, 'text', 'Bentuknya memanjang, bagian hulu searah matahari terbit dan hilirnya arah matahari terbenam', null, null, null, null, 1506854403471, 1506854403471),
(40, 24, 1, 'text', 'Menggunakan senjata', null, null, null, null, 1506854403471, 1506854403471),
(41, 24, 2, 'text', 'Diperankan oleh 2 orang pemuda untuk memperebutkan gadis yang diimpikan', null, null, null, null, 1506854403471, 1506854403471),
(42, 25, 1, 'text', 'Biasa digunakan untuk ritual-ritual adat tertentu', null, null, null, null, 1506854403471, 1506854403471),
(43, 25, 2, 'text', 'Memiliki unsur magis', null, null, null, null, 1506854403471, 1506854403471),
(44, 25, 3, 'text', 'Saat ini digunakan sebagai koleksi atau senjata berburu', null, null, null, null, 1506854403471, 1506854403471),
(45, 26, 1, 'text', 'Terbuat dari kulit kayu', null, null, null, null, 1506854403471, 1506854403471),
(46, 27, 1, 'text', 'Bahan utama daging dan beraroma harum rempah-rempah', null, null, null, null, 1506854403471, 1506854403471),
(47, 27, 2, 'text', 'Biasa dihidangkan dengan ketupat', null, null, null, null, 1506854403471, 1506854403471),
(48, 28, 1, 'text', 'Diciptakan oleh Zaini', null, null, null, null, 1506854403471, 1506854403471),
(49, 29, 1, 'image', 'Sungai terpanjang di Pulau Kalimantan', 'https://i.imgur.com/2wPc7yo.jpg', 'https://i.imgur.com/SpKmujf.jpg', null, null, 1506854403471, 1506854403471),
(50, 30, 1, 'text', 'Lokasinya berada di tengah kota Pangkalanbun', null, null, null, null, 1506854403471, 1506854403471),
(51, 30, 2, 'text', 'Bangunan warisan kerajaan Kutaringin', null, null, null, null, 1506854403471, 1506854403471),
(52, 31, 1, 'text', 'Hasil kebudayaan seni arsitektur dari masyarakat suku Tidung', null, null, null, null, 1506854403471, 1506854403471),
(53, 32, 1, 'text', 'Dikembangkan oleh suku Kutai dan Banjar', null, null, null, null, 1506854403471, 1506854403471),
(54, 32, 2, 'text', 'Dapat ditarikan secara berpasangan atau tunggal', null, null, null, null, 1506854403471, 1506854403471),
(55, 32, 3, 'text', 'Diiringin musik Tingkilan', null, null, null, null, 1506854403471, 1506854403471),
(56, 33, 1, 'text', 'Terbuat dari bambu', null, null, null, null, 1506854403471, 1506854403471),
(57, 33, 2, 'text', 'Alat musik diatonik yang terdiri dari 7 nada dasar', null, null, null, null, 1506854403471, 1506854403471),
(58, 35, 1, 'text', 'Terbuat dari beras ketan dimasukan ke bambu', null, null, null, null, 1506854403471, 1506854403471),
(59, 35, 2, 'image', 'Makanan tradisional khas Pontianak', 'https://i.imgur.com/m7cIucT.jpg', 'https://i.imgur.com/bVFj2Do.jpg', null, null, 1506854403471, 1506854403471),
(60, 36, 1, 'text', 'Kota terkaya ke-17 di Indonesia', null, null, null, null, 1506854403471, 1506854403471),
(61, 37, 1, 'image', 'Danau musiman di Kalimantan Barat', 'https://i.imgur.com/FMaOugj.jpg', 'https://i.imgur.com/o8LKKmT.jpg', null, null, 1506854403471, 1506854403471),
(62, 38, 1, 'image', 'Ikon wisata Pontianak', 'https://i.imgur.com/8p3Hiep.jpg', 'https://i.imgur.com/Kx84eZN.jpg', null, null, 1506854403471, 1506854403471),
(63, 40, 1, 'image', 'Ayam khas Kalimantan Timur', 'https://i.imgur.com/pqCvPpj.jpg', 'https://i.imgur.com/pqCvPpj.jpg', null, null, 1506854403471, 1506854403471),
(64, 45, 1, 'text', 'Tarian ini diangkat dari cerita rakyat Minahasa di Sulawesi Utara', null, null, null, null, 1506854403471, 1506854403471),
(65, 46, 1, 'text', 'Benteng ini terletak di Jalan Daeng Tata Kecamatan Makassar', null, null, null, null, 1506854403471, 1506854403471),
(66, 47, 1, 'text', 'Terletak di pusat Kota Makassar', null, null, null, null, 1506854403471, 1506854403471),
(67, 51, 1, 'text', 'Taman ini berada di Kabupaten Maros dan Pangkajene, 50 km dari Kota Makassar', null, null, null, null, 1506854403471, 1506854403471),
(68, 52, 1, 'text', 'Berbentuk mirip dengan pastel, namun lebih tipis dan isinya berbeda', null, null, null, null, 1506854403471, 1506854403471),
(69, 53, 1, 'text', 'Makanan berbahan dasar daging dan dibumbui santan', null, null, null, null, 1506854403471, 1506854403471),
(70, 57, 1, 'text', 'Rumah adat suku Toraja', null, null, null, null, 1506854403471, 1506854403471),
(71, 61, 1, 'text', 'Kelinci terlangka di dunia', null, null, null, null, 1506854403471, 1506854403471),
(72, 62, 1, 'text', 'Memiliki warna dominan merah, hitam, dan putih yang dihiasi oleh ragam tenunan dari benang emas atau perak', null, null, null, null, 1506854403471, 1506854403471),
(73, 63, 1, 'image', 'Terbuat dari tepung terigu, telur, gula, santan', 'https://i.imgur.com/gQ57FFt.jpg', 'https://i.imgur.com/XBWsGcI.jpg', null, null, 1506854403471, 1506854403471),
(74, 64, 1, 'text', 'Makanan tradisional Minangkabau', null, null, null, null, 1506854403471, 1506854403471),
(75, 65, 1, 'text', 'Makanan ini berupa ikan yang digoreng atau dibakar, kemudian dicampur dengan sambal terasi, tempoyak atau mangga', null, null, null, null, 1506854403471, 1506854403471),
(76, 66, 1, 'text', 'Makanan berbahan parutan kelapa yang dibumbui bawang putih, kencur, cabai giling dan dibungkus daun pisang', null, null, null, null, 1506854403471, 1506854403471),
(77, 67, 1, 'text', 'Makanan khas Palembang', null, null, null, null, 1506854403471, 1506854403471),
(78, 68, 1, 'text', 'Di tengah danau ini terdapat Pulau Samosir', null, null, null, null, 1506854403471, 1506854403471),
(79, 69, 1, 'image', 'Istana yang berada di kota Medan', 'https://i.imgur.com/XXeDT6A.jpg', 'https://i.imgur.com/Wp6jrI1.jpg', null, null, 1506854403471, 1506854403471),
(80, 73, 1, 'text', 'Tarian ini dulu digunakan untuk sesembahan kepada dewa ketika panen melimpah', null, null, null, null, 1506854403471, 1506854403471),
(81, 75, 1, 'text', 'Air terjun ini memiliki tinggi 120 meter dan terletak di Desa Tongging Kabupaten Karo', null, null, null, null, 1506854403471, 1506854403471),
(82, 76, 1, 'text', 'Tarian ini berasal dari masyarakat Ogan Komering Ulu', null, null, null, null, 1506854403471, 1506854403471),
(83, 77, 1, 'text', 'Tarian ini menggunakan boneka kayu yang menyerupai manusia', null, null, null, null, 1506854403471, 1506854403471),
(84, 79, 1, 'text', 'Gunung ini telah meletus beberapa kali', null, null, null, null, 1506854403471, 1506854403471),
(85, 80, 1, 'text', 'Terletak di Medan, Sumatera Utara', null, null, null, null, 1506854403471, 1506854403471);